日期,时间,中西区,南区,东区,观塘,深水,葵涌,荃湾,将军澳,元朗,屯门,东涌,大埔,沙田,北区,塔门,铜锣湾,中环,旺角
2024/2/1,1,4,3,4,4,4,3,3,4,3,3,3,3,3,3,3,4,4,4
2024/2/1,2,3,3,4,4,3,3,3,4,3,3,3,3,3,3,3,3,4,3
2024/2/1,3,3,3,3,3,3,3,3,4,3,3,3,3,3,3,3,3,3,3
2024/2/1,4,3,3,3,3,3,3,3,3,2,3,3,3,3,3,3,3,3,3
2024/2/1,5,3,3,3,3*,3,3*,3,3,2,3,3,3,3*,3,3,3,3,3
2024/2/1,6,3,3,3,3*,3,3*,3,3,2,3,3,3,3*,3,3,3,3,3
2024/2/1,7,3,3,3,3,3,3,3,3,2,2,2,3,3,3,3,3,3,3
2024/2/1,8,3,3,3,3,3,3,3,3,2,2,2,2,3,2,2,3,3,3
2024/2/1,9,3,3,3,3,3,3,3,3,2,3,3,3,3,2,2,3,3,3
2024/2/1,10,3,3,3,3,3,3,3,3,2,3,3,3,3,3,2,4,3,3
2024/2/1,11,3,3,3,3,3,3,3,3,3,3,3,3,3,3,3,4,3,3
2024/2/1,12,3,3,3,3,3*,3,3,3,3,3,3,3,3,3,3,4,3,3
2024/2/1,13,3,3,3,3,3*,3,3,3,3,3,3,3,3,3,3,4,3,3
2024/2/1,14,3,3,3,3,3*,3,3,3,3,3,3,3,3,3,3,4,3,3
2024/2/1,15,3,3,3,3,3*,3,3,3,3,3,3,3,3,3,3,4,3,3
2024/2/1,16,3,3,3,3,3*,4,3,3,3,3,3,3,3,3,3,4,3,3
2024/2/1,17,3,3,3,3,3*,4,3,3,3,3,3,3,2,3,4,4,4,3
2024/2/1,18,3,4,4,3,3*,4,3,4,3,3,3,3,3,3,4,4,4,3
2024/2/1,19,3,4,4,4,4,4,3,4,3,3,3,3,3,3,4,4,4,4
2024/2/1,20,3,4,4,4,4,4,3,4,3,3,3,3,3,3,4,4,4,4
2024/2/1,21,3,4,4,4,4,4,3,4,3,3,2,3,3,3,4,4,4,4
2024/2/1,22,3,3,4,4,3,4,3,4,3,3,2,3,3,3,3,4,4,4
2024/2/1,23,3,3,3,3,3,3,3,3,3,3,2,3,3,3,3,3,4,3
2024/2/1,24,3,3,3,3,3,3,3,3,3,3,2,3,3,3,3,3,3,3
2024/2/1,每日最高值,4,4,4,4,4,4,3,4,3,3,3,3,3,3,4,4,4,4
2024/2/2,1,3,2,3,3,3,3,3,3,3,3,2,3,3,3,2,3,3,3
2024/2/2,2,3,2,3,3,3,3,3,2,2,3,2,3,3,3,2,3,3,3
2024/2/2,3,3,2,3,2,3,2,3,2,2,3,2,3,2,2,2,3,3,3
2024/2/2,4,3,2,3,2,3,2,3,2,2,2,2,3,2,2,2,3,3,2
2024/2/2,5,3,2,2,2,3,2,3,2,2,2,2,2,2,2,2,3,3,2
2024/2/2,6,2,2,2,2,3,2,3,2,2,2,2,2,2,2,2,3,3,2
2024/2/2,7,2,2,2,2,3,2,2,2,2,2,2,2,2,2,2,3,3,2
2024/2/2,8,2,2,2,2,3,2,2,2,2,2,2,2,2,2,2,3,3,2
2024/2/2,9,2,2,2,2,2,2,2,2,2,2,2,2,2,2,2,3,3,3
2024/2/2,10,2,2,3,3,3,3,2,2,2,3,2,2,2,2,2,3,3,3
2024/2/2,11,3,3,3,3,3,3,3,2,2,3,2,2,2,2,2,3,3,3
2024/2/2,12,3,3,3,3,3,3*,3,3*,3,3,3,3,3,3,3,3,3,3
2024/2/2,13,3,3,3,3,3,3*,3,3*,3,3,3,3,3,3,3,3,3,3
2024/2/2,14,3,3,3,3,3,3*,3,3*,3,3,3,3,3,3,3,3,3,3
2024/2/2,15,3,3,3,3,3,3*,3,3*,3,3,3,3,3,3,3,3,3,3
2024/2/2,16,3,3,3,3,3,3*,3,3*,3,3,3,3,3,3,3,3,3,3
2024/2/2,17,3,3,4,3,3,3*,3,3*,3,3,3,3,3,3,3,3,3,3
2024/2/2,18,3,3,4,3,3,3,3,3*,3,3,3,3,3,3,3,3,3,3
2024/2/2,19,3,3,3,3,3,3,3,3*,3,3,3,3,3,3,3,3,3,3
2024/2/2,20,3,3,4,3,3,3,3,4,3,3,3,3,3,3,3,4,3,3
2024/2/2,21,3,3,4,3,3,3,3,4,3,3,3,3,3,3,3,4,3,3
2024/2/2,22,3,3,4,4,3,3,3,4,3,3,3,3,3,3,3,4,4,3
2024/2/2,23,3,3,4,4,3,3,3,4,3,3,3,3,3,3,3,4,4,4
2024/2/2,24,3,3,4,3,3,3,3,4,3,3,3,3,3,3,3,4,4,3
2024/2/2,每日最高值,3,3,4,4,3,3,3,4,3,3,3,3,3,3,3,4,4,4
2024/2/3,1,3,3,4,3,3,3,3,4,3,3,3,3,3,3,3,3,4,3
2024/2/3,2,3,3,3,3,3,3,3,4,3,3,3,3,3,3,3,3,3,3
2024/2/3,3,3,3,3,3,3,3,3,3,3,3,3,3,3,3,3,3,3,3
2024/2/3,4,3,3,3,3,3,3,3,3,3,3,3,3,3,3*,3,3,3,3
2024/2/3,5,3,3,3,3,3,3,3,3,2,3,3,3,3,3*,3,3,3,3
2024/2/3,6,3,3,3,3,3,3,3,3,2,3,3,3,3,3,3,3,3,3
2024/2/3,7,3,3,3,3,3,3,3,3,2,3,3,3,3,3,3,3,3,3
2024/2/3,8,3,3,3,3,3,3,3,3,2,3,3,3,3,3,3,3,3,3
2024/2/3,9,3,3,3,3,3,3,3,3,2,3,3,3,3,3,3,3,3,3
2024/2/3,10,3,3,3,3,3,3,3,3,2,3,3,3,3,3,3,3,3,3
2024/2/3,11,3,3,3,3,3,3,3,3,3,3,3,3,3,3,3,3,3,3
2024/2/3,12,3,3,3,3,3,3,3,3,3,3,3,3,3,3,3,3,3,3
2024/2/3,13,3,3,3,3,3,3,3,3,3,3,3,3,3,3,3,3,3,3
2024/2/3,14,3,3,4,3,3,3,3,3,3,3,3,3,3,3,3,3,4,3
2024/2/3,15,3,4,4,3,3,3,3,4,3,3,3,3,3,3,4,4,4,4
2024/2/3,16,4,4,4,4,4,3,3,4,3,4,3,3,3,3,4,4,4,4
2024/2/3,17,4,4,4,4,4,3,3,4,3,4,3,3,3,3,4,4,4,4
2024/2/3,18,4,4,4,4,4,3,3,4,3,4,3,3,3,3,4,4,4,4
2024/2/3,19,4,4,4,4,4,3,3,4,3,4,3,3,4,3,4,4,4,4
2024/2/3,20,4,4,4,4,4,3,3,4,3,4,3,4,4,3,4,4,4,4
2024/2/3,21,4,4,4,4,4,3,3,4,3,4,3,4,4,4,4,4,4,4
2024/2/3,22,4,3,4,4,4,3,3,4,3,4,3,4,3,4,4,4,4,4
2024/2/3,23,3,3,4,4,3,3,3,4,3,3,3,4,3,4,3,4,4,4
2024/2/3,24,3,3,4,4,3,3,3,4,3,3,3,4,3,3,3,4,4,3
2024/2/3,每日最高值,4,4,4,4,4,3,3,4,3,4,3,4,4,4,4,4,4,4
2024/2/4,1,3,3,4,4,3,3,3,4,3,3,3,4,3,3,3,3,3,3
2024/2/4,2,3,3,4,3,3,3,3,4,3,3,3,4,3,3,3,3,3,3
2024/2/4,3,3,3,4,3,3,3,3,4,3,3,3,3,3,3,3,3,3,3
2024/2/4,4,3,3,3,3,3,3,3,3,3,3,3,3,3,3,3,3,3,3
2024/2/4,5,3,3,3,3,3,3,3,3,3,3,3,3,3,3,3,3,3,3
2024/2/4,6,3,3,3,3,3,3,3,3,3,3,2,3,3,3,3,3,3,3
2024/2/4,7,3,3,3,3,3,3,3,3,2,3,2,3,3,3,3,3,3,3
2024/2/4,8,3,3,3,3,3,3,3,4,2,3,3,3,3,3,3,3,3,3
2024/2/4,9,3,3,3,3,3,3,3,4,2,3,3,3,3,3,4,3,3,3
2024/2/4,10,3,3,3,3,3,3,3,4,2,3,3,3,3,3,3,3,3,3
2024/2/4,11,3,3,3,3,3,3,3,4,3,3,3,3,3,3,3,3,3,3
2024/2/4,12,3,3,3,3,3,3,3,3,3,3,3,3,3,3,3,3,3,3
2024/2/4,13,3,3,3,3,3,3,3,3,3,3,3,3,3,3,3,3,3,3
2024/2/4,14,3,3,3,3,3,3,3,3,3,3,3,3,3,3,3,3,3,3
2024/2/4,15,3,3,3,3,3,3,3,3,3,3,3,3,3,3,3,3,3,3
2024/2/4,16,3,3,3,3,3,3,3,3,2,3,3,3,3,3,3,3,3,3
2024/2/4,17,3,3,3,3,3,3,3,3,2,3,3,3,3,3,3,3,3,3
2024/2/4,18,3,3,3,3,3,3,3,3,2,3,3,3,3,3,3,3,3,3
2024/2/4,19,3,3,3,3,3,3,3,3,2,3,2,3,3,3,3,3,3,3
2024/2/4,20,3,3,3,3,3,3,3,3,2,3,2,3,3,3,3,3,3,3
2024/2/4,21,3,3,3,3,3,3,3,3,2,3,2,3,3,3,3,3,3,3
2024/2/4,22,3,3,3,3,3,3,3,3,2,3,2,3,3,3,3,3,3,3
2024/2/4,23,3,3,3,3,3,3,3,4,2,3,2,3,3,3,2,3,3,3
2024/2/4,24,3,3,3,3,3,3,3,3,2,3,2,3,3,3,2,3,3,3
2024/2/4,每日最高值,3,3,4,4,3,3,3,4,3,3,3,4,3,3,4,3,3,3
2024/2/5,1,3,3,3,3,3,3,3,3,2,3,2,3,3,3,2,3,3,3
2024/2/5,2,3,3,3*,3,3,3,3,3,2,2,2,3,3,3,2,3,3,3
2024/2/5,3,3,3,3*,3,3,3,3,3,2,2,2,3,3,3,2,3,3,3
2024/2/5,4,3,3,3*,3,3,3,3,3,2,2,2,3,3,3,2,3,3,3
2024/2/5,5,3,3,3*,3,3,3,2,3,2,2,2,3,3,3,2,3,3,3
2024/2/5,6,3,3,3*,3,3,2,2,3,2,2,2,3,3,3,2,3,3,3
2024/2/5,7,3,3,3*,3,2,2,2,3,2,2,2,3,2,2,2,3,3,3
2024/2/5,8,3,3,2*,2,2,2,2,3,2,2,2,2,2,2,2,3,3,3
2024/2/5,9,2,2,2*,2,2,2,2,2,2,2,2,2,2,2,1,3,3,3
2024/2/5,10,2,2,3,2,2,2,2,2,2,2,2,2,2,2,1,3,3,2
2024/2/5,11,2,2,2*,2,2,2,2,2,2,2,2,2,2,2,1,3,3,2
2024/2/5,12,2,2,2*,2*,2,2,2,2,2,2,2,2,2,2,2,3*,2,2
2024/2/5,13,2,2,3*,2*,3,2,2,2,2,2,2,2,2,2,2*,3*,3,3
2024/2/5,14,3,3,3*,3*,3,3,2,2,2,2,2,2,2,2,3*,3*,3,3
2024/2/5,15,3,3,3*,3*,3,3,3,3,2,3,2,2,3,2,3*,3*,3,3
2024/2/5,16,3,3,3,3*,3,3,3,3,2,3,2,3,3,2,3,3*,3,3
2024/2/5,17,3,3,3,3,3,3,3,3,2,3,2,3,3,3,3,4,3,3
2024/2/5,18,3,4,4,3,4,3,3,3,3,3,3,3,3,3,3,4,4,4
2024/2/5,19,4,4,4,4,4,3,3,4,3,3,3,3,3,3,4,4,4,4
2024/2/5,20,4,4,4,4,4,3,4,4,3,3,2,3,4,3,4,4,4,4
2024/2/5,21,4,4,4,4,4,4,4,4,3,3,2,4,4,4,4,4,4,4
2024/2/5,22,4,4,4,4,4,4,4,4,3,3,2,4,4,4,4,4,4,4
2024/2/5,23,4,4,4,4,4,4,4,4,3,3,2,4,4,4,4,4,4,4
2024/2/5,24,3,4,4,3,4,3,3,4,3,3,2,4,4,4,4,4,4,4
2024/2/5,每日最高值,4,4,4,4,4,4,4,4,3,3,3,4,4,4,4,4,4,4
2024/2/6,1,3,4,4,3,4,3,3,4,3,3,2,3,3,3,4,4,4,3
2024/2/6,2,3,3,4,3,4,3,3,4,3,3,3,3,3,3,3,4,4,3
2024/2/6,3,3,3,3,3,4,3,3,3,3,3,3,3,3,3,3,3,4,3
2024/2/6,4,3,3,3,3,4,3,3,3,3,3,3,3,3,3,3,3,3,3
2024/2/6,5,3,3,3,3,5,3,3,3,3,3,3,3,3,3,3,3,3,3
2024/2/6,6,3,3,3,3,5,3,3,3,3,3,3,3,3,3,3,3,3,3
2024/2/6,7,3,3,3,3,6,3,3,3,2,3,2,3,3,3,3,3,3,3
2024/2/6,8,3,3,3,3,3*,3,3,3,2,3,2,3,3,3,3,3,3,3
2024/2/6,9,3,3,3,3,3*,3,3,3,2,3,2,3,3,3,3,3,3,3
2024/2/6,10,3,3,3,3,3*,3,3,3,2,3,3,3,3,3,3,3,3,3
2024/2/6,11,3,3,3,3,3*,3,3,3,3,3,3,3,3,3,3,3,3,3*
2024/2/6,12,3*,3,3,3,3*,3,3,3,3,3*,3,3,3,3,3,3,3*,3*
2024/2/6,13,3*,3,3,3,3*,3,3,3,3,3*,3,3,3,3,3,4,3*,3*
2024/2/6,14,3*,4,4,3,3,3,3,4,3,3,3,3,3,3,4,4,3*,4*
2024/2/6,15,4*,4,4,4,3,4,3,4,3,4,3,4,4,4,4,4,3*,4*
2024/2/6,16,4,4,4,4,4,4,4,4,3,4,4,4,4,4,4,4,3*,4
2024/2/6,17,4,4,4,4,4,4,4,4,3,4,4,4,4,4,4,4,3*,4
2024/2/6,18,4,4,4,4,4,4,4,4,3,4,3,4,4,4,4,4,4*,4
2024/2/6,19,4,4,4,4,4,4,4,4,3,4,3,4,4,4,4,4,4,4
2024/2/6,20,4,4,4,4,3,4,4,4,3,4,3,4,4,4,4,4,4,4
2024/2/6,21,3,3,4,3,3,3,3,4,3,4,3,3,3,4,4,4,4,4
2024/2/6,22,3,3,3,3,3,3,3,4,3,3,3,3,3,3,3,3,3,3
2024/2/6,23,3,3,3,3,3,3,3,3,3,3,3,3,3,3,3,3,3,3
2024/2/6,24,3,3,3,3,3,3,3,3,3,3,3,3,3,3,3,3,3,3
2024/2/6,每日最高值,4,4,4,4,6,4,4,4,3,4,4,4,4,4,4,4,4,4
2024/2/7,1,3,3,3,3,3,3,3,3,3,3,3,3,3,3,3,3,3,3
2024/2/7,2,3,3,3,3,3,3,3,3,3,3,3,3,3,3,*,3,3,3
2024/2/7,3,3,3,3,3,3,3,3,3,3,3,2,3,3,3,*,3,3,3
2024/2/7,4,3,3,3,3,3,3,3,3,2,3,2,3,3,3,3,3,3,3
2024/2/7,5,3,3,3,3,3,3,3,3,2,2,2,3,3,3,3,3,3,3
2024/2/7,6,3,3,3,3,3,3,3,3,2,2,2,3,3,3,3,3,3,3
2024/2/7,7,3,3,3,3,3,3,3,3,2,2,2,3,3,3,3,3,3,3
2024/2/7,8,3,3,3,3,3,3,3,3,2,2,2,3,3,3,3,3,3,3
2024/2/7,9,3,3,3,3,3,3,3,3,2,2,2,3,3,3,3,4,3,3
2024/2/7,10,2,3,3,3,3,3,2,3,2,2,2,3,3,3*,3,4,3,3
2024/2/7,11,3*,3,3,3,3,3,2,3,2,2,2,3,3,3*,3,4,3,3
2024/2/7,12,3*,3,3,3,3,3,2,3,2,2,2,3,3*,3*,2,4,3,3
2024/2/7,13,3*,3,3,3,3,3,2,3,2,2,2,3,3*,3*,2,3,3,3
2024/2/7,14,2*,3,3,3,3,2,2,3,1,2,2,2,3*,2*,2*,3,3,3
2024/2/7,15,2*,2,3,2,2,2,2,3,1,2,2,2,2,2*,2*,3,2,3
2024/2/7,16,2*,2,2,2,2,2,2,2,1,2,2,2,2,2*,2*,2,2,2
2024/2/7,17,2*,2,2,2,2,2,2,2,2,2,2,2,2,2*,2*,2,2,2
2024/2/7,18,2,2,2,2,2,2,2,2,2,2,2,2,2,2*,2,2,2,2
2024/2/7,19,2,2,2,2,2,2,2,2,2,2,2,2,2,2*,2,3,2,2
2024/2/7,20,2,2,2,2,2,2,2,2,2,2,2,2,2,2,2,3,2,2
2024/2/7,21,2,2,2,2,2,2,2,2,2,2,2,2,2,2,1,3,2,2
2024/2/7,22,2,2,2,2,2,2,2,2,2,2,2,2,2,2,1,3,2,2
2024/2/7,23,2,2,2,2,2,2,2,2,2,2,2,2,2,2*,1,3,2,2
2024/2/7,24,2,2,2,2,2,2,2,2,2,2,2,2,2,2*,1,2,2,2
2024/2/7,每日最高值,3,3,3,3,3,3,3,3,3,3,3,3,3,3,3,4,3,3
2024/2/8,1,2,2,2,2,2,2,2,2,1,2,2,2,2,2,1,2,2,2
2024/2/8,2,2,2,2,2,2,2,2*,2,1,2,2,2,2,2,1,2,2,2
2024/2/8,3,1,2,2,2,1,2,2*,2,1,2,2,1,2,2,1,2,2,2
2024/2/8,4,2,2,2,1,1,1,2,2,1,2,2,1,1,2,1,2,2,2
2024/2/8,5,2,2,2,1,2*,1,2,2,1,2,2,1,1,2,1,2,2,2
2024/2/8,6,2,2,2,1,2*,1,2,2,1,2,2,1,1,2,1,2,2,2
2024/2/8,7,2,2,2,2,1,1,2,2,1,2,2,1,1,1,1,2,2,2
2024/2/8,8,1,2,2,2,1,2,2,2,1,2,1,1,1,1,1,2,2,2
2024/2/8,9,1,2,2,2,1,2,2,2,1,2,1,1,1,1,1,2,2,2
2024/2/8,10,1,2,2,2,1,2,2,1,1,2,2,1,1,2,1,2,2,2
2024/2/8,11,2*,2,2,2,2,2,2,1,1,2,2,1,1,2*,1,2,2,2
2024/2/8,12,2*,2,2,2,2,2,2,1,2,2*,2,1,1,2*,1,2,2,2
2024/2/8,13,2*,2,2,2,2,2,2,2,2,2*,2,1,2,2,1,3,2,2
2024/2/8,14,2*,2,2,2,2,2,2,2,2,2,2,1,2,2,2,3,2,2
2024/2/8,15,2*,2,2,2,2,2,2,2,2,2,2,2,2,2,2,3,2,2
2024/2/8,16,2,2,2,2,2,2,2,2,2,2,2,2,2,2,2,3,2,2
2024/2/8,17,2,2,2,2,2,2,2,2,2,2,2,2,2,2,2,3,2,2
2024/2/8,18,2,2,2,2,2,2,2,2,2,2,2,2,2,2,2,3,2,2
2024/2/8,19,2,2,2,2,2,2,2,2,2,2,2,2,2,2,2,2,2,2
2024/2/8,20,2,2,2,2,2,2,2,2,2,2,2,2,2,2,2,3,2,2
2024/2/8,21,2,2,2,2,2,2,2,2,2,2,2,2,2,2,2,3,2,2
2024/2/8,22,2,2,2,2,2,2,2,2,2,2,2,2,2,2,2,3,2,2
2024/2/8,23,2,2,2,2,2,2,2,2,2,2,2,2,2,2,2,3,2,2
2024/2/8,24,2,2,2,2,2,2,2,2,2,2,2,2,2,2,2,2,2,2
2024/2/8,每日最高值,2,2,2,2,2,2,2,2,2,2,2,2,2,2,2,3,2,2
2024/2/9,1,2,2,2,2,2,2,2,2,2,2,2,2,2,2,2,2,2,2
2024/2/9,2,2,2,2,2,2,2,2,2,2,2,2,2,2,2,2,2,2,2
2024/2/9,3,2,2,2,2,2,2,2,2,2,2,2,2,2,2,2,2,2,2
2024/2/9,4,2,2,2,2,2,2,2,2,2,2,2,2,2,2,2,2,2,2
2024/2/9,5,2,2,2,2,2,2,2,2,2*,2,2,2,2,2,2,2,2,2
2024/2/9,6,2,2,2,2,2,2,2,2,2*,2,2,2,2,2,2,2,2,2
2024/2/9,7,2,2,2,2,2,2,2,2,2,2,2,2,2,2,2,2,2,2
2024/2/9,8,2,2,2,2,2,2,2,2,2*,2,2,2,2,2,2,2,2,2
2024/2/9,9,2,2,2,2,2,2,2,2,2*,2,2,2,2,2,2,2,2,2
2024/2/9,10,2,2,2,2,2,2,2,2,2,2,2,2,2,2,2,2,2,2
2024/2/9,11,2,2*,2,2,2,2,2,2,2,2,2,2,2,2,2,2,2,2
2024/2/9,12,2,2*,2,2,2,2,2,2,2,2,2,2,2,2,2,3,2,2
2024/2/9,13,2,2*,2,2,2,2,2,2,2,2,2,2,2,2,2,3,2,2
2024/2/9,14,2,2*,2,2,2,2,2,2,2,2,2,2,2,2,2,3,2,2
2024/2/9,15,2,2*,2,2,2,2,2,2,2,2,2,2,2,2,2,3,2,2
2024/2/9,16,2,2,2,2,2,2,2,2,2,3,2,2,2,3,2,3,2,2
2024/2/9,17,2,2,3,2,2,2,2,2,2,3,2,2,2,3,2,3,2,2
2024/2/9,18,2,2,3,2,2,2,2,2,2,3,2,2,2,3,2,3,3,3
2024/2/9,19,2,2,3,2,2,2,2,2,2,2,2,2,2,3,2,3,3,3
2024/2/9,20,2,3,3,2,2,2,2,2,2,2,2,2,2,3,2,3,3,3
2024/2/9,21,2,2,3,2,2,2,2,2,2,2,2,2,2,3,2,3,3,3
2024/2/9,22,2,2,3,2,2,2,2,2,2,2,2,2,2,3,2,3,3,3
2024/2/9,23,2,2,3,2,2,2,2,3,2,3,2,2,2,3,2,3,3,3
2024/2/9,24,2,3,3,2,2,2,2,3,3,3,2,3,3,3,3,3,3,3
2024/2/9,每日最高值,2,3,3,2,2,2,2,3,3,3,2,3,3,3,3,3,3,3
2024/2/10,1,2,3,3,2,2,3,3,3,3,3,2,3,3,3,3,3,3,3
2024/2/10,2,2,3,3,2,3,3,3,3,3,3,2,3,3,3,3,3,3,3
2024/2/10,3,2,3,3,2,2,3,3,3,3,3,2,3,3,3,3,3,3,3
2024/2/10,4,2,3,3,2,2,2,3,3,3,3,2,3,2,3,3,3,3,3
2024/2/10,5,2,3,3,2,2,2,3,3,3,3,2,3,3,3,3,3,3,3
2024/2/10,6,2,3,3,2,3,2,3,3,3,3,2,3,3,3*,3,3,3,3
2024/2/10,7,2,2,3,3,3,3,3,3,3,3,2,3,3,3*,3,3,3,3
2024/2/10,8,3,2,3,3,3,3,3,3,3,3,2,3,3,3*,3,3,3,3
2024/2/10,9,3,2,3,3,3,3,3,3,3,3,2,3,3,3*,3,3,3,3
2024/2/10,10,3,3,3,3,3,3,3,3,3,3,3,3,3,3,3,3,3,3
2024/2/10,11,3,3,3,3,3,3,3,3,3,4,3,3,3,3,3,3,3,3
2024/2/10,12,3,3,3,3,3,3,3,3,3,4,3,3,3,3,3,3,3,3
2024/2/10,13,3,3,3,3,3,3,3,3,3,4,3,3,3,3*,3,4,3,3
2024/2/10,14,3,3,3,3,3,3,3,3,3,4,3,3,3,3*,3,4,3,3
2024/2/10,15,3,3,3,3,3,3,3,3,4,4,3,3,3,4,3,4,3,3
2024/2/10,16,3,3,3,3,3,3,3,4,4,4,4,3,3,4,4,4,3,3
2024/2/10,17,3,3,4,3,3,3,4,3,4,4,4,4,3,4,3,4,4,4
2024/2/10,18,3,3,3,3,3,4,4,3,4,5,4,4,3,4,3,4,3,3
2024/2/10,19,3,3,3,3,3,3,4,3,4,5,4,3,3,4,3,3,3,3
2024/2/10,20,3,3,3,3,3,3,3,3,4,4,3,3,3,3,3,3,3,3
2024/2/10,21,3,3,3,3,3,3,3,3,4,4,3,3,3,3,3,3,3,3
2024/2/10,22,3,3,3,3,3,3,3,3,3,4,3,2,3,3,2,3,3,3
2024/2/10,23,3,3,3,3,3,3,3,2,3,4,3,2,3,3,2,3,3,3
2024/2/10,24,3,3,3,3,3,3,3,2,3,3,3,2,2,2,2,3,3,3
2024/2/10,每日最高值,3,3,4,3,3,4,4,4,4,5,4,4,3,4,4,4,4,4
2024/2/11,1,3,3,3,3,3,3,3,2,2,3,3,2,2,2,2,3,3,3
2024/2/11,2,3,3,3,3,3,3,3,2,2,3,3,2,2,2,2,3,3,3
2024/2/11,3,3,3,3,3,3,3,3,2,2,3,3,2,2,2,2,3,3,3
2024/2/11,4,3,3,3,3,3,3,3,2,2,3,3,2,2,2,2,3,3,3
2024/2/11,5,3,3,3,3,3,3,3,2,2,3,3,2,2,2,2,3,3,3
2024/2/11,6,3,3,3,3,3,3,3,2,2,3,3,2,2,2,3,3,3,3
2024/2/11,7,3,3,3,3,3,3,3,2,2,3,3,2,2,2,3,3,3,3
2024/2/11,8,3,3,3,3,3,3,3,2,2,3,3,2,2,2,3,3,3,3
2024/2/11,9,3,3,3,3,3,3,3,3,2,3,3,2,2,2,3,3,3,3
2024/2/11,10,3,3,3,3,3,3,3,3,3,3,3,3,3,3,3,3,3,3
2024/2/11,11,3,3,3,3,3,3,3,3,3,3,3,3,3,3,3,4,3,3
2024/2/11,12,3,4,4,3,3,3,3,4,3,4,3,3,4,3,4,4,4,4
2024/2/11,13,4,4,4,4,4,4,3,4,4,4,4,4,4,4,4,4,4,4
2024/2/11,14,4,4,4,4,4,4,4,4,4,4,4,4,4,4,4,4,4,4
2024/2/11,15,4,4,4,4,4,4,4,4,4,4,4,4,4,4,4,4,4,4
2024/2/11,16,4,4,4,4,4,4,4,4,4,4,5,4,4,4,4,4,4,4
2024/2/11,17,4,4,4,4,4,4,4,4,4,5,5,4,4,5,4,4,4,4
2024/2/11,18,4,4,4,4,4,4,4,4,4,5,5,4,4,4,5,4,4,4
2024/2/11,19,4,4,4,4,4,4,4,4,4,5,4,4,4,4,5,4,4,4
2024/2/11,20,4,4,4,4,4,4,4,4,4,4,4,4,4,4,5,4,4,4
2024/2/11,21,4,4,4,4,4,4,4,4,4,4,4,4,4,4,4,4,4,4
2024/2/11,22,4,4,4,4,4,4,4,4,4,4,4,4,3,4,4,4,4,4
2024/2/11,23,4,4,4,4,4,4,4,4,3,4,4,3,3,4,4,4,4,4
2024/2/11,24,4,4,4,4,4,4,4,4,3,3,4,3,3,4,4,4,4,4
2024/2/11,每日最高值,4,4,4,4,4,4,4,4,4,5,5,4,4,5,5,4,4,4
2024/2/12,1,4,4,4,4,4,4,3,4,3,3,4,3,3,4*,4,4,4,4
2024/2/12,2,4,4,4,4,4,4,3,4,3*,3,4,3,3,4*,4,4,4,4
2024/2/12,3,4,4,4,4,4,4,4,4,3*,3,4,3*,3,4*,4,4,4,4
2024/2/12,4,4,4,4,4,4,4,4,4,3,3,4,3,3,4*,4,4,4,4
2024/2/12,5,4,4,4,4,4,4,4,4,3,3,4,3,3,4*,4,4,4,4
2024/2/12,6,4,4,4,4,4,4,4,4,3,3,4,3,3,4*,4,4,4,4
2024/2/12,7,4,4,4,4,4,4,4,4,3,3,4,3,3,4,4,4,4,4
2024/2/12,8,4,4,4,4,4,4,4,4,3,3,4,3,4,3,4,4,4,4
2024/2/12,9,4,4,4,4,4,4,4,4,3,3,4,3,4,3,4,4,4,4
2024/2/12,10,4,4,4,4,4,4,4,4,3,4,4,3,4,4,4,4,4,4
2024/2/12,11,4,4,4,4,4,4,4,4,4,4,4,4,4,4,4,4,4,4
2024/2/12,12,4,4,4,4,4,4,4,4,4,4,4,4,4,4,4,4,4,4
2024/2/12,13,4,4,4,4,4,4,4,5,4,4,4,4,4,4,4,4,4,4
2024/2/12,14,4,5,4,4,4,4,4,5,4,4,4,4,4,4,4,5,4,4
2024/2/12,15,4,5,4,4,4,4,4,5,4,5,4,4,4,4,5,5,4,4
2024/2/12,16,4,5,5,4,4,4,4,5,4,5,4,4,4,4,5,5,4,4
2024/2/12,17,4,5,5,4,4,4,4,5,4,5,4,4,4,4,5,5,4,4
2024/2/12,18,4,5,5,5,4,4,4,5,4,5,4,4,4,4*,5,5,4,5
2024/2/12,19,4,5,5,5,4,4,4,5,4,4,4,4,5,4*,5,5,4,5
2024/2/12,20,4,4,5,5,4,4,4,5,4,4,4,4,4,4,5,5,4,5
2024/2/12,21,4,4,4,4,4,4,4,5,4,4,4,4,4,4,5,5,4,5
2024/2/12,22,4,4,4,4,4,4,4,4,4,4,4,4,4,4*,4,4,4,4
2024/2/12,23,4,4,4,4,4,4,4,4,4,4,4,4,4,4*,4,4,4,4
2024/2/12,24,4,4,4,4,4,4,4,4,4,4,4,4,4,4*,3,4,4,4
2024/2/12,每日最高值,4,5,5,5,4,4,4,5,4,5,4,4,5,4,5,5,4,5
2024/2/13,1,4,4,4,4,4,4,4,4,3,4,4,4,4,4,3,4,4,4
2024/2/13,2,4,4,4,4,4,4,4,4,3,4,4,4,4,4*,4,5,4,4
2024/2/13,3,4,4,4,4,4,4,4,4,3,4,4,4,4,4*,4,4,4,4
2024/2/13,4,4,4,4,4,4,4,4,4,3,4,4,4,4,4*,4,4,4,4
2024/2/13,5,4,4,4,4,4,4,4,5,3,4,4,4,4,4,4,4,4,4
2024/2/13,6,4,4,4,4,4,4,4,5,3,3,4,4,3,4,4,4,4,4
2024/2/13,7,4,4,4,4,4,4,4,4,3,3,4,4,3,3,4,4,4,4
2024/2/13,8,4,4,4,4,4,4,4,4,3,3,4,4,3,3,3,4,4,4
2024/2/13,9,4,4,4,4,4,4,4,4,3,3,4,4,3,4,3,4,4,4
2024/2/13,10,4,4,4,4,4,4,4,4,3,4,4,4,4,4*,4,4,4,4
2024/2/13,11,4,4,4,4,4,4,4,5,4,4,4,4,4,4*,4,4,4,4
2024/2/13,12,4,4,5,4,4,4,4,5,4,4,4,4,4,4*,4,5,4,4
2024/2/13,13,4,5,5,4,4,4,4,5,4,5,4,5,5,4*,5,5,5,5
2024/2/13,14,5,5,5,4,4,4,4,5,4,5,5,5,5,4*,5,5,5,5
2024/2/13,15,5,5,5,5,4,4,4,5,4,5,5,5,5,4*,5,5,5,5
2024/2/13,16,4,5,5,4,4,4,4,5,4,5,4,5,5,4,5,5,5,5
2024/2/13,17,4,4,5,4,4,4,4,5,4,5,5,5,4,4,5,5,5,4
2024/2/13,18,4,4,5,4,4,4,4,5,4,5,5,4,4,4,5,5,5,4
2024/2/13,19,4,4,5,4,4,4,4,5,4,4,5,4,4,4,5,5,5,4
2024/2/13,20,4,4,5,5,4,4,4,5,4,4,5,4,4,4,5,5,5,5
2024/2/13,21,4,4,5,5,4,4,4,5,4,4,5,4,5,4,5,5,5,5
2024/2/13,22,4,4,5,5,4,4,4,5,3,4,5,4,4,4,4,5,5,5
2024/2/13,23,4,4,5,5,4,4,4,4,3,4,5,4,4,4,4,5,5,5
2024/2/13,24,4,4,4,4,4,4,4,4,3,4,4,3,4,4,3,5,4,4
2024/2/13,每日最高值,5,5,5,5,4,4,4,5,4,5,5,5,5,4,5,5,5,5
2024/2/14,1,4,4,4,4,4,4,4,4,3,4,4,3,3,4,3,4,4,4
2024/2/14,2,4,4,4,4,4,4,4,5,3,4,4*,3,4,4,3,4,4,4
2024/2/14,3,4,4,4,4,4,4,3,5,3,4,4*,4,4,4,3,4,4*,4
2024/2/14,4,4,4,4,4,4,4,3,4,3,3,4,4,4,3,3,4,4,4
2024/2/14,5,4,4,4,4,4,4,3,4,2,3,3,3,3,3,3,4,4,4
2024/2/14,6,4,4,4,4,4,3,3,4,2,3,3,3,3,3,2,4,4,4
2024/2/14,7,4,4,4,3,4,3,3,3,2,3,3,2,3,3,2,4,4,4
2024/2/14,8,4,4,4,3,4,3,3,3,2,3,3,2,2,2,2,4,4,4
2024/2/14,9,4,4,4,4,4,3,3,3,2,3,3,2,2,2,2,4,4,4
2024/2/14,10,4,4,4,4,4,3,3,3,3,3,3,3,3,3,3,4,4,4
2024/2/14,11,4,4,4,4,4,4,3,4,3,3,3,4,3,3,3,4,4,4
2024/2/14,12,4,4,4,4,4,4,4,4,3,4,4,4,4,4,4,4,4*,4
2024/2/14,13,4,4,4,4,4,4,4,4,4,4,4,4,4,4,4,4,4*,4
2024/2/14,14,4,4,4,4,4,4,4,4,4,4,4,4,4,4,4,4,4,4
2024/2/14,15,4,4,4,4,4,4,4,4,4,5,4,4,4,4,4,4,4,4
2024/2/14,16,4,4,4,4,4,4,4,4,4,5,4,4,4,4,4,4,4,4
2024/2/14,17,4,4,4,4,4,4,4,4,4,4,4,4,4,4,4,4,4,4
2024/2/14,18,4,4,4,4,4,4,4,4,4,4,4,4,4,4,4,4,4,4
2024/2/14,19,4,4,4,4,4,4,4,4,3,4,3,4,4,3,4,4,4,4
2024/2/14,20,4,4,4,4,4,4,4,4,3,4,3,4,4,3,4,4,4,4
2024/2/14,21,4,3,4,4,4,4,3,4,3,4,3,3,3,3,4,4,4,4
2024/2/14,22,4,3,4,4,4,4,3,4,3,4,3,3,3,3,3,4,4,4
2024/2/14,23,4,3,4,4,4,4,3,4,3,4,3,3,3,3,3,4,4,4
2024/2/14,24,4,3,4,4,4,3,3,4,3,4,3,3,3,3,3,4,4,4
2024/2/14,每日最高值,4,4,4,4,4,4,4,5,4,5,4,4,4,4,4,4,4,4
2024/2/15,1,4,3,4,4,4,3,3,3,3,3,3,3,3,3,3,4,4,4
2024/2/15,2,4,3,4,4,4,3,3,3,3,3,3,2,3,3,3,4,4,4
2024/2/15,3,4,3,4,3,4,3,3,3,3,3,3,2,3,2,3,4,4,4
2024/2/15,4,4,3,4,3,3,3,3,3,3,3,3,2,3,2,2,3,3,3
2024/2/15,5,3,3,3,3*,3,3*,3,3,3,3,3,2,2*,2,2,3,3,3
2024/2/15,6,3,3,3,3*,3,3*,3,3,3,3,3,2,2*,2,2,3,3,3
2024/2/15,7,3,3,3,3,3,3,3,3,3,3,2,2,2,2,2,3,3,3
2024/2/15,8,3,3,3,3,3,3,3,3,3,3,2,2,2,2,2,3,3,3
2024/2/15,9,3,4,3,3,3,3,3,3,3,3,2,3,3,2,2,3,3,3
2024/2/15,10,3,4,3,3,3,3,3,3,3,3,3,3,3,3,2,4,4,3
2024/2/15,11,3,4,3,3,3,3,3,3,3,3,3,3,3,3,3,4,4,4
2024/2/15,12,3,4,4,4*,4,3,3,4,3,4,3,3,3,3,3,4*,4,4
2024/2/15,13,4,4,4,4*,4,4,3,4,3,4,4,3*,3,3*,3,4*,4,4
2024/2/15,14,4,4,4,4*,4,4,4,4,4,4,4,4*,4,4*,3,4*,4,4
2024/2/15,15,4,4,4,4,4,4,4,4,4,4,4,4*,4,4*,3,4*,4,4
2024/2/15,16,4,4,4,4,4,4,4,4,4,4,4,4*,4,4*,3,4*,4,4
2024/2/15,17,4,4,4,4,4,4,4,4,4,4,3,4,4,4*,3,4*,4,4
2024/2/15,18,4,4,4,4,4,4,4,4,4,4,3,4,4,4,4,4,4,4
2024/2/15,19,3,3,4,4,3,4,4,4,4,4,3,4,4,4,4,4,3,4
2024/2/15,20,3,3,4,4,3,4,3,4,4,4,3,4,4,4,3,4,3,4
2024/2/15,21,3,3,3,3,3,4,3,3,3,3,3,4,3,3,3,4,4,3
2024/2/15,22,3,3,3,3,3,3,3,3,3,3,3,3,3,3,3,4,4,4
2024/2/15,23,3,3,3,3,4,3,3,3,3,3,3,3,3,3,2,4,4,4
2024/2/15,24,4,3,4,3,4,3,3,3,3,3,3,3,3,2,2,4,4,4
2024/2/15,每日最高值,4,4,4,4,4,4,4,4,4,4,4,4,4,4,4,4,4,4
2024/2/16,1,4,3,4,3,4,3,3,3,3,3,3,3,3,2,2,4,4,4
2024/2/16,2,4,3,4,3,4,3,3,3,2,3,3,3,3,2,2,4,3,4
2024/2/16,3,4,3,3,3,4,3,3,3,2,3,3,3,3,2,2,3,3,4
2024/2/16,4,3,3,3,3,4,3,3,3,2,3,3,3,3,2,2,3,3,4
2024/2/16,5,3,3,3,3,4,3,3,3,2,3,3,3,2,2,3,3,3,4
2024/2/16,6,3,3,3,3,3,3,3,3,2,3,3,2,2,2,3,3,3,4
2024/2/16,7,3,3,3,3,3,3,3,3,2,3,2,3,2,2,3,3,3,3
2024/2/16,8,3,3,3,3,3,3,3,3,2,3,2,3,2,3,3,3,3,3
2024/2/16,9,3,3,3,3,3,3,3,3,2,3,2,3,3,3,3,3,3,3
2024/2/16,10,3,3,3,3,3,3,3,3,3,3,2,3,3,3,3,3,3,3
2024/2/16,11,3,3,3,3,3,3,3,3,3,3,3,3,3,3,3,3,3,3
2024/2/16,12,3,3,3,3*,3,3,3,3,3*,3,3,3,3,3,3,3,3,3
2024/2/16,13,3,3,3,3*,3,3,3,3,3*,4,3,3,3,3,3,4,3,3
2024/2/16,14,4,4,4,4*,3,3,3,4,4*,4,4,3,3,3,4,4,4,4
2024/2/16,15,4,4,4,4,4,4,4,4,3,4,4,4,4,4,4,4,4,4
2024/2/16,16,4,4,4,4,4,4,4,4,3,4,4,4,4,4,4,4,4,4
2024/2/16,17,4,4,4,4,4,4,4,4,4,4,4,4,4,4,4,4,4,4
2024/2/16,18,4,4,4,4,4,4,4,4,4,4,4,4,4,4,4,4,4,4
2024/2/16,19,4,4,4,4,4,4,4,4,3,4,4,4,4,4,4,4,4,4
2024/2/16,20,4,4,4,3,4,4,4,4,3,4,3,4,4,4,4,4,4,4
2024/2/16,21,4,4,4,3,4,4,4,4,3,4,3,4,4,4,4,4,4,4
2024/2/16,22,4,4,4,3,4,3,4,4,3,4,3,4,4,4,4,4,4,4
2024/2/16,23,4,4,4,3,3,3,3,4,3,4,3,4,4,4,3,4,4,4
2024/2/16,24,3,3,4,3,3,3,3,4,3,4,3,4,3,3,3,4,4,3
2024/2/16,每日最高值,4,4,4,4,4,4,4,4,4,4,4,4,4,4,4,4,4,4
2024/2/17,1,3,3,4,3,3,3,3,4,3,4,3,3,3,3,3,4,3,3
2024/2/17,2,3,3,4,3,3,3,3,4,3,3,3,3,3,3,3,4,3,3
2024/2/17,3,3,3,4,3,3,3,3,4,3,3,4,3,3,3,3,4,3,3
2024/2/17,4,3,3,4,3,3,3,3,4,3,3,4,3,3,3,3,3,3,3
2024/2/17,5,3,3,4,3,3,3,3,4,3,3,5,3,3,3,3,3,3,3
2024/2/17,6,3,3,4,3,3,3,3,4,3,3,5,3,3,3,3,3,3,3
2024/2/17,7,3,3,4,3,3,3,3,4,3,3,5,3,3,3,3,3,3,3
2024/2/17,8,3,3,4,3,3,3,3,4,3,3,4,3,3,3,3,3,3,3
2024/2/17,9,3,3,4,3,3,3,3,4,3,3,4,3,3,3,3,3,3,3
2024/2/17,10,3,3,4,3,3,3,3,4,3,3,3*,3,3,3,3,4,3,3
2024/2/17,11,3,3,4,3,3,3,3,4,3,3,3*,3,3,3,3,4,4,3
2024/2/17,12,3,3,4,3,3,3,3,4,3,3,3*,4,3,3,4,4,4,4
2024/2/17,13,4,4,4,4,3,3,3,4,3,4,3*,4,4,3,4,4,4,4
2024/2/17,14,4,4,4,4,4,4,4,4,3,4,4*,4,4,4,4,4,4,4
2024/2/17,15,4,4,4,4,4,4,4,4,3,4,4*,4,4,4,4,4,4,4
2024/2/17,16,4,4,4,4,4,4,4,4,3,4,4*,4,4,4,4,4,4,4
2024/2/17,17,4,4,4,4,4,4,4,4,3,4,4,4,4,4,4,4,4,4
2024/2/17,18,4,4,4,4,4,4,4,4,3,4,4,4,4,4,4,4,4,4
2024/2/17,19,4,4,4,4,4,4,4,4,3,4,4,4,4,4,4,4,4,4
2024/2/17,20,4,4,4,4,4,4,4,4,3,4*,4,4,4,4,4,4,4,4
2024/2/17,21,4,4,4,4,4,4,4,4,3,3*,4,4,4,3,4,4,4,4
2024/2/17,22,4,4,4,4,4,4,4,4,3,3*,3,4,4,3,3,4,4,4
2024/2/17,23,4,4,4,3,4,4,3,4,3,3*,3,4,4,3,3,4,4,4
2024/2/17,24,4,3,4,3,3,3,3,4,3,3*,3,4,4,3,3,4,4,4
2024/2/17,每日最高值,4,4,4,4,4,4,4,4,3,4,5,4,4,4,4,4,4,4
2024/2/18,1,4,3,4,3,3,3,3,4,3,3*,3,4,4,3,3,3,3,4
2024/2/18,2,3,3,3,3,3,3,3,3,3,3*,3,3,3,3,2,3,3,3
2024/2/18,3,3,3,3,3,3,3,3,3,3,3*,3,3,3,3,2,3,3,3
2024/2/18,4,3,3,4,3,3,3,3,4,3,3*,3,3,3,3,2,3,3,3
2024/2/18,5,3,3,4,3,3,3,3,4,3,3*,3,3,3,3,2,4,3,3
2024/2/18,6,3,3,4,3,3,3,3,4,3,3*,3,3,3,3,2,3,3,3
2024/2/18,7,3,3,3,3,3,3,3,4,3,3*,3,3,3,3,2,3,3,3
2024/2/18,8,3,3,3,3,3,3,3,4,3,3*,3,3,3,3,2,3,3,3
2024/2/18,9,3,3,3,3,3,3,3,4,2,3*,3,3,3,3,2,3,3,3
2024/2/18,10,3,3,3,3,3,3,3,3,3,3*,3,3,3,3,3,3,3,3
2024/2/18,11,3,3,3,3,3,3,3,3,3,3*,3,3,3,3,3,4,3,3
2024/2/18,12,3,3,3,3,3,3,3,3,3,3*,3,3,3,3,3,4,3,4
2024/2/18,13,4,3,4,3,4,3,3,4,3,3*,3,3,3,3,4,4,4,4
2024/2/18,14,4,4,4,4,4,4,3,4,3,3*,3,4,3,3,4,4,4,4
2024/2/18,15,4,4,4,4,4,3,3,4,3,3,3,4,3,3,4,4,4,4
2024/2/18,16,4,4,4,4,4,3,3,5,3,3,3,4,3,3,4,4,4,4
2024/2/18,17,4,4,4,4,4,4,3,5,3,3,3,4,3,3,4,4,4,4
2024/2/18,18,4,4,4,4,4,4,3,5,3,3,3,4,4,3,4,4,4,4
2024/2/18,19,4,4,4,4,4,4,3,4,3,3,3,4,4,3,4,4,4,4
2024/2/18,20,4,4,4,4,4,4,3,4,3,3,3,4,4,3,4,4,4,4
2024/2/18,21,4,4,4,4,4,4,3,4,3,3,3,4,3,3,4,4,4,4
2024/2/18,22,3,3,4,4,4,3,3,4,3,3,3,4,3,3,4,4,4,4
2024/2/18,23,3,3,4,3,3,3,3,4,3,3,3,4,3,3,3,3,3,4
2024/2/18,24,3,3,3,3,3,3,3,3,3,3,3,3,3,3,3,3,3,3
2024/2/18,每日最高值,4,4,4,4,4,4,3,5,3,3,3,4,4,3,4,4,4,4
2024/2/19,1,3,2,3,3,3,3,3,3,3,3,2,3,3,3,3,3,3,3
2024/2/19,2,3,2,3,3,3,3,3,3,2,3,3,3,2,3,2,3,3,3
2024/2/19,3,3,2,3,2,3,2,3,3,2,3,2,3,2,2,2,3,3,3
2024/2/19,4,3,2,2,2,2,2,3,2,2,3,2,3,2,2,2,2,2,3
2024/2/19,5,2,2,2,2,2,2,2,2,2,2,2,2,2,2,2,2,2,2
2024/2/19,6,2,2,2,2,2,2,2,2,2,2,2,2,2,2,1,2,2,2
2024/2/19,7,2,2,2,2,2,2,2,2,2,2,2,2,2,2,2,2,2,2
2024/2/19,8,2,2,2,2,2,2,2,2,2,2,2,2,2,2,2,2,2,2
2024/2/19,9,2,2,2,2,2,2,2,2,2,2,2,2,2,2,2,2,2,2
2024/2/19,10,2,2,3,2,2,2,2,2,2,2,2,2,2,2,2,3,2,2
2024/2/19,11,2,2,3,2,2,2,2,2,2,2,2,2,2,2,2,3,2*,3
2024/2/19,12,2,3,3,2,2,3,2,2,2,2,2,2,2,2,2,3,3*,3
2024/2/19,13,2,3,3,2,3,3,2,2,2,2,2,2,2,2,2,3,3*,3
2024/2/19,14,2,3,3,2,3,3,3,3,2,2,3,2,2,2,2,3,3,3
2024/2/19,15,3,3,3,2,3,3,3,3,2,3,3,2,3,2,2,3,3,3
2024/2/19,16,3,3,3,2,3,3,3,3,2,3,3,2,3,2,2,3,3,3
2024/2/19,17,3,3,3,2,3,3,3,3,2,3,2,2,3,2,2,3,3,3
2024/2/19,18,3,3,3,3,3,3,3,3,2,3,2,2,3,2,*,3,3,3
2024/2/19,19,3,3,3,3,3,3,3,3,2,3,2,3,3,2,*,3,3,3
2024/2/19,20,3,3,3,3,3,3,3,3,2,3,2,3,3,2,*,3,3,3
2024/2/19,21,3,3,3,3,3,3,3,3,2,3,2,3,3,2,2,3,3,3
2024/2/19,22,3,3,3,3,3,3,3,3,2,3,2,3,3,2,2,3,3,3
2024/2/19,23,2,3,3,2,2,3,3,3,2,3,2,2,3,2,2,3,3,3
2024/2/19,24,2,2,3,2,2,2,2,2,2,3,2,2,2,2,2,3,3,2
2024/2/19,每日最高值,3,3,3,3,3,3,3,3,3,3,3,3,3,3,3,3,3,3
2024/2/20,1,2,2,2,2,2,2,2,2,2,2,2,2,2,2,2,3,3,2
2024/2/20,2,2,2,2,2,2,2,2,2,2,2,2,2,2,2,2,3,2,2
2024/2/20,3,2,2,2,2,2,2,2,2,2,2,2,2,2,2,2,2,2,2
2024/2/20,4,2,2,2,2,2,2,2,2,2,2,2,2,2,2,2,2,2,2
2024/2/20,5,2,2,2,2,2,2,2,2,2,2,2,2,2,2,2,2,2,2
2024/2/20,6,2,2,2,2,2,2,2,2,2,2,2,2,2,2,2,2,2,2
2024/2/20,7,2,2,2,2,2,2,2,2,2,2,2,2,2,2,2,2,2,2
2024/2/20,8,2,2,2,2,2,2,2,2,2,2,2,2,2,2,2,2,2,2
2024/2/20,9,2,2,3,2,2,2,2,2,2,2,2,2,2,2,2,3,2,2
2024/2/20,10,2,2,3,2,2,2,2,2,2,2,2,2,2,2,2,3,3,3
2024/2/20,11,2,3,3,2,3,3,2,2,2,2,2,2,2,2,2,3,3,3
2024/2/20,12,3,3,3,2,3,3,3*,3,2,3,2,2,2,2,2,3,3*,3
2024/2/20,13,3,3,3,2,3,3,3*,3,2,3,2,3,3,3,2,3,3*,3
2024/2/20,14,3,3,3,3,3,3,3,3,3,3,3,3,3,3,2,3,3*,3
2024/2/20,15,3,3,3,3,3,3,3,3,3,3,3,3,3,3,3,3,3*,3
2024/2/20,16,3,3,3,3,3,3,3,3,3,3,3,3,3,3,3,3,3*,3
2024/2/20,17,3,3,3,3,3,3,3,3,3,3,3,3,3,3,3,3,3,3
2024/2/20,18,3,3,3,3,3,3,3,3,3,3,3,3,3,3,3,3,3,3
2024/2/20,19,3,3,3,3,3,3,3,3,2,3,3,3,3,2,3,3,3,3
2024/2/20,20,3,3,3,3,3,3,3,3,2,3,3,3,3,2,3,3,3,3
2024/2/20,21,2,3,3,3,3,3,3,3,2,3,2,3,2,2,2,3,3,3
2024/2/20,22,2,3,3,2,3,3,2,3,2,3,2,2,2,2,2,3,3,3
2024/2/20,23,2,3,3,2,3,2,2,3,2,2,2,2,2,2,2,3,3,3
2024/2/20,24,2,3,3,2,2,2,2,3,2,2,2,2,2,2,2,3,3,2
2024/2/20,每日最高值,3,3,3,3,3,3,3,3,3,3,3,3,3,3,3,3,3,3
2024/2/21,1,3,3,3,2,2,3,2,3,2,2,3,2,2,2,2,3,3,2
2024/2/21,2,3,3,3,2,3,3,3,3,2,3,3,2,3,2,*,3,3,3
2024/2/21,3,3,3,3,2,3,3,3,3,2,3,3,2,3,2,*,3,3,3
2024/2/21,4,3,3,3,2,3,3,3,2,2,3,3,2,3,2,2,3,3,3
2024/2/21,5,3,2,3,2,3,3,3,2,2,3,3,2,3,2,2,3,3,3
2024/2/21,6,3,2,3,2,3,3,3,2,2,3,3,2,2,2,2,3,3,3
2024/2/21,7,3,2,3,2,3,3,3,2,2,3,3,2,2,2,2,2,3,3
2024/2/21,8,3,2,3,2,3,3,3,2,2,3,3,2,2,2,2,3,3,3
2024/2/21,9,3,2,3,2,3,3,2,2,2,3,3,2,2,2,2,3,3,3
2024/2/21,10,3,2,3,2,3,3,3,2,2,3,3,2,2,2,2,3,3,3
2024/2/21,11,3,3,3,2,3,3,3,2,2,3,3,3,3,3,2,3,3,3
2024/2/21,12,3,3,3*,3,3,3,3,3,3,3,3,3,3,3,2,3,3,3
2024/2/21,13,3,3,3*,3,3,3,3,3,3,3,3,3,3,3,2,3,3,3
2024/2/21,14,3,3,3,3,3,3,3,3,3,3,3,3,3,3,3,3,3,3
2024/2/21,15,3,3,3,3,3,3,3,3,3,3,3,3,3,3,3,3,3,3
2024/2/21,16,3,3,3,3,3,3,3,3,3,3,3,3,3,3,3,3,3,3
2024/2/21,17,3,3,3,3,3,3,3,3,3,3,3,3,3,3,3,3,3,3
2024/2/21,18,3,3,3,3,3,3,3,3,3,3,3,3,3,3,3,3,3,3
2024/2/21,19,3,3,3,3,3,3,3,3,3,3,3,3,3,3,3,3,3,3
2024/2/21,20,3,3,3,3,3,3,3,3,2,3,3,3,3,3,3,3,3,3
2024/2/21,21,3,3,3,3,3,3,3,3,2,3,3,3,3,3,2,3,3,3
2024/2/21,22,3,3,3,3,3,3,3,3,2,3,3,3,3,3,2,3,3,3
2024/2/21,23,3,3,3,3,2,3,3,3,2,3,3,3,2,2,2,3,3,3
2024/2/21,24,2,2,3,2,2,3,3,3,2,3,3,3,2,2,2,3,3,3
2024/2/21,每日最高值,3,3,3,3,3,3,3,3,3,3,3,3,3,3,3,3,3,3
2024/2/22,1,2,2,3,2,2,3,3,3,2,2,3,2,2,2,2,3,3,3
2024/2/22,2,2,2,3,2,2,2,2*,2,2,2,2,2,2,2,2,2,3,2
2024/2/22,3,2,2,2,2,2,2,2*,2,2,2,2,2,2,2,2,2,3,2
2024/2/22,4,2,2,2,2,2,2,2,2,2,2,2,2,2,2,1,2,2,2
2024/2/22,5,2,2,2,2,2*,2,2,2,2,2,2,2,2,2,1,2,2,2
2024/2/22,6,2,2,2,2,2*,2,2,2,2,2,2,2,2,2,1,2,2,2
2024/2/22,7,2,2,2,2,2,2,2,2,2,2,2,2,2,2,1,2,2,2
2024/2/22,8,2,2,2,2,2,2,2,2,2,2,2,2,2,2,1,2,2,2
2024/2/22,9,2,2,2,2,2,2,2,2,2,2,2,2,2,2,2,2,3,2
2024/2/22,10,2,2,3,2,2,2,2,2,2,2,2,2,2,2,2,3,3,2
2024/2/22,11,2,2,3,2,2,2,3,2,2,2,2,2,2,2,2,3,3,3
2024/2/22,12,3,3,3,2,2,3,3,2,2,2,2,2,2*,2,2,3,3*,3
2024/2/22,13,3,3,3,2,3,3,3,2,2,3,3,2,2*,2,2,3,3*,3
2024/2/22,14,3,3,3,2,3,3,3,3,2,3,3,2,3,2,2,3,3,3
2024/2/22,15,3,3,3,3,3,3,3,3,3,3,3,3,3,3,3,3,3,3
2024/2/22,16,3,3,3,3,3,3,3,3,3*,3,3,3,3*,3,3,3,3,3
2024/2/22,17,3,3,3,3,3,3,3,3,3*,3,3,3,3*,3,3,3,4,3
2024/2/22,18,3,3,3,3,3,3,3,3,3,3,3,3,3,3,3,3,4,3
2024/2/22,19,3,3,3,3,3,3,3,3,3,3,3,3,3,3,3,3,3,3
2024/2/22,20,3,3,3,3,3,3,3,3,2,3,3,3,3,3,3,3,3,3
2024/2/22,21,3,3,3,3,3,3,3,3,2,3,3,3,3,3,3,3,3,3
2024/2/22,22,3,3,3,3,3,3,3,3,2,3,3,3,3,3,3,3,3,3
2024/2/22,23,3,3,3,3,3,3,3,3,2,3,3,2,2,3,2,3,3,3
2024/2/22,24,3,2,3,2,3,3,2,3,2,3,2,2,2,2,2,3,3,3
2024/2/22,每日最高值,3,3,3,3,3,3,3,3,3,3,3,3,3,3,3,3,4,3
2024/2/23,1,2,2,3,2,2,2,2,2,2,3,2,2,2,2,2,3,3,3
2024/2/23,2,2,2,3,2,2,2,2,2,2,3,2,2,2,2,2,3,3,3
2024/2/23,3,2,2,3,2,2,2,2,3,2,2,2,2,2,2,2,3,3,3
2024/2/23,4,2,2,3,2,2,2,2,3,2,2,2,2,2,2,2,3,3,2
2024/2/23,5,2,2,3,2,2,2,2,3,2,2,2,2,2,2,2,3,3,2
2024/2/23,6,2,3,3,2,2,2,2,3,2,2,2,2,2,2,2,3,3,2
2024/2/23,7,2,3,3,2,2,2,2,2,2,2,2,2,2,2,2,3,2,2
2024/2/23,8,2,2,2,2,2,2,2,2,2,2,2,2,2,2,2,3,2,2
2024/2/23,9,2,2,2,2,2,2,2,2,2,2,2,2,2,2,2,2,2,2
2024/2/23,10,2,2,2,2,2,2,2,2,2,2,2,2,2,2,2,2,3,2
2024/2/23,11,2,2,2,2,2,2,2,2,2,2,2,2,2,2,2,3,2,2
2024/2/23,12,2,2,2,2,2,2,2,2,2,2,2,2,2,2,2,3,2,2
2024/2/23,13,2,2,2,2,2,2,2,2,2,3,2*,2,2,2,2,3,2,2
2024/2/23,14,2,2,3,2,2,2,2,2,2,3,2*,2,2,2,2,3,3,2
2024/2/23,15,2,3,3,2,2,3,2,2,2,3,3*,2,2,2,2,3,3,3
2024/2/23,16,3,3,3,3,3,3,3,3,2,3,3*,2,2,3,2,3,3,3
2024/2/23,17,3,3,3,3,3,3,3,3,3,3,3*,3,2,3,3,3,3,3
2024/2/23,18,3,3,3,3,3,3,3,3,3,3,3,3,3,3,3,3,3,3
2024/2/23,19,3,3,3,3,3,3,3,3,3,3,3,3,3,3,3,3,3,3
2024/2/23,20,3,3,3,3,3,3,3,3,3,3,3,3,3,3,3,3,3,3
2024/2/23,21,3,3,3,2,3,3,3,3,3,3,3,3,3,3,3,3,3,3
2024/2/23,22,3,3,3,2,3,3,3,3,3,3,3,3,3,3,3,3,3,3
2024/2/23,23,3,3,3,3,3,3,3,3,3,3,2,3,3,3,2,3,3,3
2024/2/23,24,3,3,3,3,3,3,3,3,3,3,2,3,3,3,2,3,3,3
2024/2/23,每日最高值,3,3,3,3,3,3,3,3,3,3,3,3,3,3,3,3,3,3
2024/2/24,1,3,3,3,2,3,3,3,3,2,3,2,2,3,2,2,3,3,3
2024/2/24,2,3,3,3,2,3,2,2,3,2,3,2,2,2,2,2,3,3,3
2024/2/24,3,2,3,3,2,2,2,2,2,2,3,2,2,2,2,2,3,3,3
2024/2/24,4,2,3,3,2,2,2,2,2,2,3,2,2,2,2,2,3,3,2
2024/2/24,5,2,2,3,2,2,2,2,2,2,2,2,2,2,2,2,3,3,2
2024/2/24,6,2,2,2,2,2,2,2,2,2,2,2,2,2,2,2,2,2,2
2024/2/24,7,2,2,2,2,2,2,2,2,2,2,2,2,2,2,2,2,2,2
2024/2/24,8,2,2,2,2,2,2,2,2,2,2,2,2,2,2,2,2,2,2
2024/2/24,9,2,2,2,2,2,2,2,2,2,2,2,2,2,2,2,2,2,2
2024/2/24,10,2,2,2,2,2,2,2,2,2,2,2,2,2,2,2,2,3,2
2024/2/24,11,2,2,2,2,2,2,2,2,2,2,2,2,2,2,2,3,3,2
2024/2/24,12,2,2,3,2,2,2,2,2,2,2,2,2,2,2,2,3,3,3
2024/2/24,13,3,3,3,2,3,2,2,3,2,3,2,2,2,2,2,3,3,3
2024/2/24,14,3,3,3,3,3,3,3,3,2,3,3,2,2,2,2,3,3,3
2024/2/24,15,3,3,3,3,3,3,3,3,3,3,3,3,3,3,2,4,3,3
2024/2/24,16,3,3,4,3,3,3,4,3,3,3,3,3,3,3,2,4,4,4
2024/2/24,17,3,4,4,3,4,3,4,3,3,3,3,3,3,3,2,4,4,4
2024/2/24,18,4,4,3,3,3,3,4,3,3,4,3,3,3,3,2,5,4,4
2024/2/24,19,4,4,3,3,3,3,3,3,3,3,3,3,3,3,2,5,4,4
2024/2/24,20,3,4,3,3,3,3,3,3,3,3,3,3,3,3,2,5,4,3
2024/2/24,21,3,3,3,3,3,3,3,3,3,3,3,2,3,2,2,4,4,3
2024/2/24,22,3,3,3,2,3,3,3,3,2,3,3,2,2,2,2,4,3,3
2024/2/24,23,3,3,3,2,3,3,3,3,2,3,2,2,2,2,2,4,3,3
2024/2/24,24,3,3,3,2,3,2,2,3,2,3,2,2,2,2,2,3,3,3
2024/2/24,每日最高值,4,4,4,3,4,3,4,3,3,4,3,3,3,3,2,5,4,4
2024/2/25,1,2,3,3,2,2,2,2,2,2,3,2,2,2,2,2,3,3,3
2024/2/25,2,2,3,3,2,2,2,2,2,2,3,2,2,2,2,2,3,3,2
2024/2/25,3,2,2,2,2,2,2,2,2,2,3,2,2,2,2,2,3,2,2
2024/2/25,4,2,2,2,2,2,2,2,2,2,2,2,2,2,2,2,2,2,2
2024/2/25,5,2,2,2,2,2,2,2,2,2,2,2,2,2,2,2,2,2,2
2024/2/25,6,2,2,2,2,2,2,2,2,2,2,2,2,2,2,2,2,2,2
2024/2/25,7,2,2,2,2,2,2,2,2,2,2,2,2,2,2,2,2,2,2
2024/2/25,8,2,2,2,2,2,2,2,2,2,2,2,2,2,2,2,2,2,2
2024/2/25,9,2,2,2,2,2,2,2,2,2,2,2,2,2,2,2,2,2,2
2024/2/25,10,2,2,2,2,2,2,2,2,2,2,2,2,2,2,2,2,2,2
2024/2/25,11,2,2,2,2,2,2,2,2,2,2,2,2,2,2,2,2,2,2
2024/2/25,12,2,2,2,2,2,2,2,2,2,2,2,2,2,2,2,3,2,2
2024/2/25,13,2*,2,3,2,2,2,2,2,2,2,2,2,2,2,2,3,2,2
2024/2/25,14,2*,3,3,2,2,2,2,2,2,2,2,2,2,2,2,3,3,3
2024/2/25,15,3*,3,3,3,2,3,2,3,3,3,3,2,2,2,2,3,3,3
2024/2/25,16,3*,3,3,3,3,3,3,3,3,3,3,3,3,3,2,4,3,3
2024/2/25,17,3*,3,4,3,3,3,3,3,3,4,3,3,3,3,3,4,4,3
2024/2/25,18,3*,4,4,3,3,3,3,3,3,4,3,3,3,3,3,4,4,4
2024/2/25,19,3*,4,4,3,3,3,3,3,3,4,3,3,3,3,3,4,4,4
2024/2/25,20,3*,3,3,3,3,3,3,3,3,3,3,3,3,3,2,4,4,4
2024/2/25,21,3,3,3,3,3,3,3,3,3,3,3,3,3,3,2,4,3,3
2024/2/25,22,3,3,3,3,3,3,3,3,3,3,3,2,3,2,2,4,3,3
2024/2/25,23,3,3,3,2,3,3,2,3,2,2,2,2,2,2,2,3,3,3
2024/2/25,24,3,3,3,2,2,3,2,3,2,2,2,2,2,2,2,3,3,3
2024/2/25,每日最高值,3,4,4,3,3,3,3,3,3,4,3,3,3,3,3,4,4,4
2024/2/26,1,3,3,3,3,2,3,2,3,2,2,2,2,2,2,2,3,3,3
2024/2/26,2,2,3,3,3,2,3,2,3,2*,2,2,2,2,2,2,3,3,3
2024/2/26,3,2,3,3,3,2,3,2,3,2*,2,2,2*,2,2,2,3,3,3
2024/2/26,4,3,3,3,3,2,3,2,3,2,2,2,2,2,2,2,3,3,3
2024/2/26,5,3,3,3,3,2,3,2,3,2,2,2,2,2,2,2,3,3,3
2024/2/26,6,3,3,3,2,2,3,3,3,2,2,2,2,2,2,2,3,3,3
2024/2/26,7,3,3,3,2,2,3,3,3,2,2,2,2,2,2,2,3,3,3
2024/2/26,8,3,3,3,2,2,3,2,3,2,2,2,2,2,2,2,3,3,3
2024/2/26,9,3,3,3,2,2,3,2,3,2,2,2,2,2,2,2,3,3,3
2024/2/26,10,3,3,3,2,2,3,3,3,2,2,2,2,2,2,2,3,3,3
2024/2/26,11,3,3,3,2,2,3,3,3,2,2,2,2*,2,2,2,3,3,3
2024/2/26,12,3,3,3,2,2,3,3,3,2,2*,3,2*,3,2,2,3,3,3
2024/2/26,13,3,3,3,3,3,3,3,3,3,2*,3,3,3,2*,2,3,3,3
2024/2/26,14,3,3,3,3,3,3,3,3,3,3,3,3,3,3*,3,3,3,3
2024/2/26,15,3,3,3,3,3,3,3,3,3,3,3,3,3,3,3,3,3,3
2024/2/26,16,3,3,4,3,3,4,3,3,4,4,4,4,4,4,4,4,4,4
2024/2/26,17,4,4,4,3,4,4,4,4,4,4,5,4,4,4,4,4,4,4
2024/2/26,18,4,4,4,4,4,4,4,4,5,4,5,4,4,4,4,4,4,4
2024/2/26,19,4,4,4,4,4,5,5,4,5,4,5,4,4,4,4,4,4,4
2024/2/26,20,4,4,4,4,4,5,5,4,4,4,4,4,4,4,4,4,4,4
2024/2/26,21,4,4,4,4,4,5,4,4,4,4,3,4,4,4,4,4,4,4
2024/2/26,22,4,4,4,4,4,4,4,4,3,3,3,4,4,3,4,4,4,4
2024/2/26,23,3,4,4,4,4,4,3,4,3,3,3,3,4,3,4,4,4,4
2024/2/26,24,3,3,4,4,3,3,3,4,3,3,2,3,4,3,4,4,3,4
2024/2/26,每日最高值,4,4,4,4,4,5,5,4,5,4,5,4,4,4,4,4,4,4
2024/2/27,1,3,3,4,3,3,3,3,4,2,3,2,3,3,2,3,4,3,3
2024/2/27,2,3,3,3,3,3,3,3,3,2,2,2,2,3,2,3,3,3,3
2024/2/27,3,3,3,3,3,3,3,2,3,2,2,2,2,3,2,2,3,3,3
2024/2/27,4,3,3,3,3,3,3,2,3,2,2,2,2,3,2,2,3,3,3
2024/2/27,5,3,3,3,2,2,3,2,3,2,2,2,2,2,2,2,3,3,2
2024/2/27,6,3,3,3,2,2,2,2,2,2,2,2,2,2,2,2,3,3,2
2024/2/27,7,3,3,3,2,2,2,2,2,2,2,2,2,2,2,2,3,3,2
2024/2/27,8,2,2,2,2,2,2,2,2,2,2,2,2,2,2,2,3,3,2
2024/2/27,9,2,2,2,2,2,2,2,2,2,2,2,2,2,2,2,3,3,2
2024/2/27,10,2,2,2,2,2,2,2,2,2,2,2,2,2,2,2,3,3,2
2024/2/27,11,3,2,2,2,2,2,2,2,2,2,2,2,2,2,2,3,3,2
2024/2/27,12,3,3,3,2,2,2,2,2,2,2,2,2,2,2,2,3,3,2
2024/2/27,13,3*,3,3,2,3,3,3,3,2,2,2,2,2,2,2,3,3,3
2024/2/27,14,3*,3,3,3,3,3,3,3,2,3,3,3,3,3,3,3,3,3
2024/2/27,15,4,3,3,3,3,3,3,3,3,3,3,3,3,3,3,4,4,4
2024/2/27,16,4,3,4,3,4,4,3,3,3,4,3,3,3,3,3,4,4,4
2024/2/27,17,4,4,4,3,4,4,4,4,4,4,4,4,4,4,3,4,4,4
2024/2/27,18,4,4,4,3,4,4,4,4,4,5,4,4,4,4,3,4,4,4
2024/2/27,19,4,4,4,3,4,4,4,4,4,5,4,3,4,4,4,4,4,4
2024/2/27,20,4,4,4,4,4,4,4,4,4,4,4,3,4,4,4,4,4,4
2024/2/27,21,4,4,4,4,4,4,4,4,4,4,4,3,4,4,4,4,4,4
2024/2/27,22,4,4,4,4,4,4,4,4,4,3,3,3,4,4,4,4,4,4
2024/2/27,23,4,4,4,4,4,4,4,4,3,3,3,4,4,4,4,4,4,4
2024/2/27,24,4,4,4,4,4,4,4,4,3,3,3,4,4,4,4,4,4,4
2024/2/27,每日最高值,4,4,4,4,4,4,4,4,4,5,4,4,4,4,4,4,4,4
2024/2/28,1,4,4,4,3,4,4,4,4,3,3,3,4,4,4,4,4,4,4
2024/2/28,2,4,4,4,3,4,4,4,4,3,3,3*,4,4,3,4,4,4,4
2024/2/28,3,4,4,4,3,4,4,4,4,3,3,3*,4,4,3,4,4,4*,4
2024/2/28,4,4,4,4,3,3,4,3,4,3,3,3,3,4,3,4,4,4,4
2024/2/28,5,4,4,4,3,3,3,3,4,3,3,3,3,4,3,4,4,4,3
2024/2/28,6,4,3,4,3,3,3,3,4,2,3,2,3,3,3,4,4,4,3
2024/2/28,7,4,3,4,3,3,3,3,4,2,3,3,3,3,3,3,4,4,3
2024/2/28,8,3,3,4,3,3,3,3,4,3,3,3,3,3,3,3,4,4,3
2024/2/28,9,3,3,4,3,3,3,3,4,3,3,3,3,3,3,3,4,3,3
2024/2/28,10,4,4,4,3,3,3,3,4,3,3,3,3,3,3,3,4,4,4
2024/2/28,11,4,4,4,3,3,3,3,4,3,3,3,3,3,3,3,4,4*,4
2024/2/28,12,4,4,4,3,3,4,3,4,3,3,3,3,3,3,3,4,4*,4
2024/2/28,13,4,4,4,3,4,4,3,4,3,3,3,3,4,3,4,4,4*,4
2024/2/28,14,4,4,4,3,4,4,4,4,3,4,3,4,4,3,4,4,4*,4
2024/2/28,15,4,4,4,4,4,4,4,4,3,4,3,4,4,4,4,4,4*,4
2024/2/28,16,4,4,4,4,4,4,4,4,4,4,3,4,4,4,4,4,4*,4
2024/2/28,17,4,4,4,4,4,4,4,4,4,4,4,4,4,4,4,4,4*,4
2024/2/28,18,4,4,4,4,4,4,4,5,4,4,4,4,4,4,4,5,5*,4
2024/2/28,19,4,4,4,4,4,4,4,5,4,4,4,4,4,4,4,5,4,4
2024/2/28,20,4,4,4,4,4,4,4,5,4,4,4,4,4,4,4,5,4,4
2024/2/28,21,4,4,4,4,4,4,4,4,4,4,4,4,4,4,4,4,4,4
2024/2/28,22,4,4,4,4,4,4,4,4,4,4,4,4,4,3,3,4,4,4
2024/2/28,23,4,4,4,4,4,4,4,4,4,4,4,4,4,3,3,4,4,4
2024/2/28,24,4,4,4,4,4,4,4,4,4,4,4,4,4,3,3,4,4,4
2024/2/28,每日最高值,4,4,4,4,4,4,4,5,4,4,4,4,4,4,4,5,5,4
2024/2/29,1,4,4,4,3,4,3,4,4,4,4,4,3,4,3,3,4,4,4
2024/2/29,2,4,4,4,3,3,3,4,4,4,4,4,3,3,3,3,4,4,4
2024/2/29,3,4,3,4,3,3,3,4,4,4,4,3,3,3,3,2,4,4,4
2024/2/29,4,4,3,4,3,3,3,4,4,4,4,3,3,3,3,2,4,4,3
2024/2/29,5,4,3,4,3*,3,3*,4,4,4,4,3,3,2*,3,2,4,4,3
2024/2/29,6,3,3,4,3*,3,3*,4,4,4,4,3,3,2*,3,2,4,4,3
2024/2/29,7,3,3,4,3,3,3,4,4,4,4,3,3,3,3,2,3,4,3
2024/2/29,8,3,3,4,3,3,3,3,4,4,4,3,3,3,3,2,4,4,3
2024/2/29,9,3,3,4,3,3,3,3,4,4,4,3,3,3,3,2,4,3,3
2024/2/29,10,3,3,4,3,3,3,3,4,4,4,4,3,3,3,2,4,4*,4
2024/2/29,11,4,3,4,3,3,3,3,4,4*,4,4,3,3,3,3,4,4*,4
2024/2/29,12,4,3,4,3,4,3,4,4,4*,4,4,3,3,3,3,4,4*,4
2024/2/29,13,4,4,4,3,4,4,4,4,4,5,4*,3,3,3,3,4,4*,4
2024/2/29,14,4,4,4,4,4,4,4,4,4,5,4*,4,3,3,4,4,4*,4
2024/2/29,15,4,4,4,4,4,5,5,4,4,4,4,4,4,4,4,5,5*,4
2024/2/29,16,4,4,5,4,5,5,5,4,4,4,3,5,4,4,3,5,4,5
2024/2/29,17,4,4,4,4,4,4,4,4,3,3,3,4,4*,3,3,5,4,5
2024/2/29,18,3,4,4,4,4,3,3,4,2,2,2,3,4*,2,2,4,3,4
2024/2/29,19,2,3,3,3,3,3,2,4,2,2,2,2,3,2,2,3,3,3
2024/2/29,20,2,2,2,3,2,2,2,3,2,2,2,2,2,2,2,3,3,3
2024/2/29,21,2,2,2,2,2,2,2,2,2,2,2,2,2,2,2,3,3,2
2024/2/29,22,2,2,2,2,2,2,2,2,2,2,2,2,2,2,2,3,2,2
2024/2/29,23,2,2,2,2,2,2,2,2,2,2,2,2,2,2,2,3,2,2
2024/2/29,24,2,2,2,2,2,2,2,2,2,2,2,2,2,2,2,3,2,2
2024/2/29,每日最高值,4,4,5,4,5,5,5,4,4,5,4,5,4,4,4,5,5,5
